<?xml version="1.0" encoding="UTF-8"?>
<beans xmlns="http://www.springframework.org/schema/beans"
	xmlns:xsi="http://www.w3.org/2001/XMLSchema-instance"
	xsi:schemaLocation="http://www.springframework.org/schema/beans
	http://www.springframework.org/schema/beans/spring-beans-2.5.xsd">
		
	<bean id="addr" class="com.samples.beans.Address" scope="prototype"
	dependency-check="simple">
		<property name="id" value="20"/>
		<property name="address1" value="Belandur"/>
		<property name="city" value="Banaglore"/>
	</bean>
	
		
	<!-- byName it will map using class related variables to bean id -->
	
	<bean id="employee" class="com.samples.beans.Employee" 
			init-method="preProcess" destroy-method="destroy"
			autowire="byType">
		<property name="id" value="12222"/>
		<property name="name" value="Thermofisher Employee"/>
		<property name="salary" value="1000000"/>
				
	</bean>	

	
	
</beans>